tweet_id,S1,S2,S3,S4,S5,Sum,Ground_Truth
1933041453875564996,1,1,1,1,1,5,1
1926626156456902953,1,1,1,1,1,5,1
1918900302998307063,1,1,1,1,1,5,1
1917474342864302212,1,1,1,1,1,5,1
1917467975923425456,1,1,1,1,1,5,1
1917463359810843030,1,1,1,1,1,5,1
1918996279960477796,1,1,1,1,1,5,1
1918993441519763569,1,1,1,1,1,5,1
1918970832908431439,1,1,1,1,1,5,1
1917532709746008179,1,1,1,1,1,5,1
1980617036414996675,1,1,1,1,1,5,1
1980590762917306371,1,1,1,1,1,5,1
1980524844929413247,1,1,1,1,1,5,1
1980442057224438037,1,1,1,1,1,5,1
1980198032223478123,1,1,1,1,1,5,1
1980164754883985808,1,1,1,1,1,5,1
1980128898466918667,1,1,1,1,1,5,1
1980121532367331808,1,1,1,1,1,5,1
1980078693507912031,1,1,1,1,1,5,1
1980077288860557386,0,1,1,1,1,4,1
1980057035497676945,1,1,1,1,1,5,1
1980027425460498493,1,1,1,1,1,5,1
1980026782498869701,1,1,1,1,1,5,1
1980026187742380410,1,1,1,1,1,5,1
1979864633357042173,1,1,1,1,1,5,1
1979864598619824201,1,1,1,1,1,5,1
1979863687138841026,1,1,1,1,1,5,1
1979846079005995208,1,1,1,1,1,5,1
1979841503649481128,1,1,1,1,1,5,1
1979828931814678862,1,1,1,1,1,5,1
1979769198676205611,1,1,1,1,1,5,1
1979757443220685015,1,1,1,1,1,5,1
1979734460276015366,1,1,1,1,1,5,1
1979712899817046526,1,1,1,1,1,5,1
1979710814836928569,1,1,1,1,1,5,1
1979582193392554181,1,1,1,1,1,5,1
1979515209783120015,0,1,1,1,1,4,1
1979512492557799512,1,1,1,1,1,5,1
1979505644257591740,1,1,1,1,1,5,1
1979323540303470953,1,1,1,1,1,5,1
1979322534102175975,1,1,1,1,1,5,1
1979322029397393608,1,1,1,1,1,5,1
1979321858337214516,1,1,1,1,1,5,1
1979054181534097834,0,1,1,1,1,4,1
1979052573358235663,1,1,1,1,1,5,1
1979051513021419687,1,1,1,1,1,5,1
1979050237680370049,1,1,1,1,1,5,1
1979047081823101245,1,1,1,1,1,5,1
1979005971906109640,1,1,1,1,1,5,1
1979001999350710483,0,1,1,1,1,4,1
1978962303685926955,1,1,1,1,1,5,1
1978851149710000535,0,1,1,1,1,4,1
1978784036379099200,1,1,1,1,1,5,1
1978783081671598411,1,1,1,1,1,5,1
1978782900129554590,1,1,1,1,1,5,1
1978719167776706637,1,1,1,1,1,5,1
1978688604642979863,1,1,1,1,1,5,1
1978687849735328251,1,1,1,1,1,5,1
1978476708153159868,1,1,1,1,1,5,1
1978445081154572644,1,1,1,1,1,5,1
1978330002866184436,1,1,1,1,1,5,1
1978268710054830238,0,1,1,1,1,4,1
1978131655798698480,1,1,1,1,1,5,1
1978129552103588042,1,1,1,1,1,5,1
1978100695778681247,1,1,1,1,1,5,1
1978099469355774391,1,1,1,1,1,5,1
1978034023063605524,0,0,1,1,1,3,1
1978000590824526272,0,0,1,1,1,3,1
1977997806985257353,1,1,1,1,1,5,1
1977978063649747041,1,1,1,1,1,5,1
1977975185568588214,1,1,1,1,1,5,1
1977963075396338087,1,1,1,1,1,5,1
1977929808450600997,1,1,1,1,1,5,1
1977723912055111846,1,1,1,1,1,5,1
1977624400716558691,1,1,1,1,1,5,1
1977621094443209117,1,1,1,1,1,5,1
1977620854789099577,1,1,1,1,1,5,1
1977600480261112287,1,1,1,1,1,5,1
1977420163638300762,1,1,1,1,1,5,1
1977316112942629222,1,1,1,1,1,5,1
1977291132314009615,1,1,1,1,1,5,1
1977287076300439687,1,1,1,1,1,5,1
1977286172130132002,1,1,1,1,1,5,1
1977252982392832327,1,1,1,1,1,5,1
1977227052379189360,1,1,1,1,1,5,1
1977222990380384493,1,1,1,1,1,5,1
1977126694596362547,1,1,1,1,1,5,1
1977011999134695903,1,1,1,1,1,5,1
1976997562038338045,1,1,1,1,1,5,1
1973409194310246665,1,1,1,1,1,5,1
1973407265068638717,0,1,1,1,1,4,1
1973407194075857042,1,1,1,1,1,5,1
1973403413410165218,1,1,1,1,1,5,1
1973380473238770107,1,1,1,1,1,5,1
1973372689449615709,1,1,1,1,1,5,1
1973346024199713249,1,1,1,1,1,5,1
1973337128592613855,1,1,1,1,1,5,1
1973334614140911876,1,1,1,1,1,5,1
1973324938754077012,1,1,1,1,1,5,1
1976693372871229550,1,1,1,1,1,5,1
1976683255111033006,1,1,1,1,1,5,1
1976673179713368358,1,1,1,1,1,5,1
1976592375033307232,1,1,1,1,1,5,1
1976407543221195038,1,1,1,1,1,5,1
1976213844084363579,1,1,1,1,1,5,1
1976211037037752352,1,1,1,1,1,5,1
1976179590117908648,1,1,1,1,1,5,1
1976110382881309053,1,1,1,1,1,5,1
1976110264832622907,1,1,1,1,1,5,1
1975790694460702768,1,1,1,1,1,5,1
1975787340426891359,1,1,1,1,1,5,1
1975786477130072530,1,1,1,1,1,5,1
1975729214071722233,1,1,1,1,1,5,1
1975683789063127258,1,1,1,1,1,5,1
1975680139833848190,1,1,1,1,1,5,1
1975673631884910774,1,1,1,1,1,5,1
1975673231022711280,1,1,1,1,1,5,1
1975488039012213164,1,1,1,1,1,5,1
1975481888946200600,1,1,1,1,1,5,1
1975478271359000915,1,1,1,1,1,5,1
1975465947621433622,1,1,1,1,1,5,1
1975389015299027452,1,1,1,1,1,5,1
1975371229013111149,1,1,1,1,1,5,1
1975317931203682437,1,1,1,1,1,5,1
1975309061995553203,1,1,1,1,1,5,1
1975218173588001051,1,1,1,1,1,5,1
1975141646242349485,1,1,1,1,1,5,1
1975053269157495013,1,1,1,1,1,5,1
1974970859644473839,1,1,1,1,1,5,1
1974970501056635294,1,1,1,1,1,5,1
1974966767010349298,1,1,1,1,1,5,1
1974964881549115874,1,1,1,1,1,5,1
1974667481722843489,1,1,1,1,1,5,1
1974666712713978108,1,1,1,1,1,5,1
1974612217053237380,1,1,1,1,1,5,1
1974446396007985619,1,1,1,1,1,5,1
1974438637699043656,1,1,1,1,1,5,1
1974432995475165277,1,1,1,1,1,5,1
1974373177146089909,1,1,1,1,1,5,1
1974349352698335682,1,1,1,1,1,5,1
1974313130349244599,1,1,1,1,1,5,1
1974291799897494007,1,1,1,1,1,5,1
1974259807818518545,1,1,1,1,1,5,1
1974258029752111605,1,1,1,1,1,5,1
1974036770837967037,1,1,1,1,1,5,1
1973979996118266071,1,1,1,1,1,5,1
2031679263016165514,1,0,1,1,1,4,1
2031625715339477435,1,0,1,1,1,4,1
2031623514852348124,0,1,1,0,1,3,1
2031376554232787238,1,0,1,1,1,4,1
2032676040078930248,1,1,1,1,1,5,1
2032452659136147961,1,1,1,1,1,5,1
2032424538412286335,1,1,1,1,1,5,1
2032725719273595024,0,1,1,1,1,4,1
2032726090737959126,1,1,1,1,1,5,1
2029755985871663380,1,1,1,1,1,5,1
2029779301223252284,0,1,1,1,1,4,1
2028425571261395275,1,1,1,1,1,5,1
2028389975386177694,1,1,1,1,1,5,1
2028432841051361352,1,1,1,1,1,5,1
2028433155317981282,1,1,1,1,1,5,1
2048715052811943963,1,1,1,1,1,5,1
2047958207671492791,1,1,1,1,1,5,1
2047935914312347722,1,1,1,1,1,5,1
2046822450764423270,1,1,1,1,1,5,1
2048985690143383601,1,1,1,1,1,5,1
2049112244626375079,1,0,1,1,1,4,1
2024816195606855784,1,1,1,1,1,5,1
2025160839465238913,1,1,1,1,1,5,1
2023246198677938460,1,1,1,1,1,5,1
2023246576848666774,1,1,1,1,1,5,1
2019236458134139177,1,1,1,1,1,5,1
2019236319298482429,0,1,1,1,1,4,1
2019978100558492157,1,1,1,1,1,5,1
2019973138998784341,1,1,1,1,1,5,1
2019650294918050059,1,1,1,1,1,5,1
2017085813868417406,1,1,1,1,1,5,1
2017122546953654492,1,1,1,1,1,5,1
2017814361247781303,1,1,1,1,1,5,1
2017933726874017990,1,1,1,1,1,5,1
2014899500637405285,1,1,1,1,1,5,1
2011633533467713645,1,1,1,1,1,5,1
2010948712051458433,1,1,1,1,1,5,1
2008426290500800696,1,1,1,1,1,5,1
2007492366555590687,1,1,1,1,1,5,1
2008425929564197371,1,1,1,1,1,5,1
2006973497323725092,1,1,1,1,1,5,1
2008020575571284127,1,1,1,1,1,5,1
2008430782487162935,1,1,1,1,1,5,1
2008497172036415875,1,1,1,1,1,5,1
2005131772712116326,1,1,1,1,1,5,1
2003107623168852325,1,1,1,1,1,5,1
2002965387433099775,1,1,1,1,1,5,1
2003329718691799525,1,0,1,1,1,4,1
1999476248964387298,1,0,1,1,1,4,1
1997524942787837964,1,1,1,1,1,5,1
1996789709683786223,1,1,1,1,1,5,1
1996782755682861281,1,1,1,1,1,5,1
1997529805278040538,1,1,1,1,1,5,1
1996422096394887383,1,1,1,1,1,5,1
1994968083434496042,1,1,1,1,1,5,1
1994960956414464428,1,1,1,1,1,5,1
1994604262735974636,1,1,1,1,1,5,1
1994956025020260489,1,0,1,1,1,4,1
1993145549202375074,1,1,1,1,1,5,1
1993183364338364483,1,1,1,1,1,5,1
1992095696321917334,1,1,1,1,1,5,1
1991356325381497234,1,1,1,1,1,5,1
1991733314915561669,1,1,1,1,1,5,1
1991733813806874854,1,1,1,1,1,5,1
1992232099081048150,1,1,1,1,1,5,1
1989922628493045961,1,1,1,1,1,5,1
1989199996617740401,1,1,1,1,1,5,1
1989199316045689266,1,0,1,1,1,4,1
1989516438798057867,1,1,1,1,1,5,1
1986962246099214414,1,1,1,1,1,5,1
1987724868994138430,1,1,1,1,1,5,1
1987358217148788858,1,1,1,1,1,5,1
1987385914063265851,0,1,1,1,1,4,1
1986300131134808325,1,1,1,1,1,5,1
1984850855749996771,1,1,1,1,1,5,1
1984615952819109913,1,1,1,1,1,5,1
1984490149607321796,1,1,1,1,1,5,1
2033332220212232195,0,1,1,1,1,4,1
2033332072014885212,0,1,1,1,1,4,1
2033331775217500506,1,1,1,1,1,5,1
2033329692519108732,1,1,1,1,1,5,1
2033328852756541521,1,1,1,1,1,5,1
2033328446416490591,1,1,1,1,1,5,1
2033327185176723566,1,1,1,1,1,5,1
2033325534256759131,1,1,1,1,1,5,1
2033325110762066161,1,1,1,1,1,5,1
2033324998149226906,0,1,1,1,1,4,1
2033324827092906163,1,1,1,1,1,5,1
2033322601674895636,0,0,1,1,1,3,1
2033292559985111445,0,1,0,1,1,3,1
2033291396338368702,0,1,0,1,1,3,1
1976158698457501976,1,1,1,1,1,5,1
1976158009266143265,1,1,1,1,1,5,1
1976135385039229340,0,1,1,1,1,4,1
1976031880970633708,1,1,1,1,1,5,1
1975941977142362231,1,1,1,1,1,5,1
1975936314613903739,1,1,1,1,1,5,1
1975884548799115447,0,1,1,1,1,4,1
1975882927566360648,0,1,1,1,1,4,1
1975798217364361299,0,1,1,1,1,4,1
1975794548837368087,1,1,1,1,1,5,1
1975791776272425422,1,1,1,1,1,5,1
1975787961552875788,1,1,1,1,1,5,1
1975785985368858955,1,1,1,1,1,5,1
1975770694605807923,0,1,1,1,1,4,1
1975758950156148742,1,1,1,1,1,5,1
1975748994665009287,1,1,1,1,1,5,1
1975748920857743763,1,1,1,1,1,5,1
1975741231746719885,1,1,1,1,1,5,1
1975739496995168383,1,1,1,1,1,5,1
1975735732871569855,1,1,1,1,1,5,1
1975710931310289404,0,1,1,1,1,4,1
1975611779620483484,0,1,0,0,1,2,0
1975586822920307037,0,1,0,1,1,3,1
1974811552344912299,0,1,1,1,1,4,1
1974809494950420553,1,1,1,1,1,5,1
1974760221273981290,1,1,1,1,1,5,1
1974738824275362053,1,1,1,1,1,5,1
1974693859147043321,1,1,1,1,1,5,1
1974676734420349333,0,1,1,1,1,4,1
1974618388870881529,0,1,1,1,1,4,1
1974488524704596198,0,1,1,1,1,4,1
1974465083050013163,1,1,1,1,1,5,1
1974422024492871788,0,1,1,1,1,4,1
1974420594096828576,0,1,1,1,1,4,1
1974411398794105074,0,1,1,1,1,4,1
1974409579045044632,1,1,1,1,1,5,1
1974403340718219520,0,1,1,1,1,4,1
1974401389079236975,0,1,1,1,1,4,1
1974307082318065812,1,1,1,1,1,5,1
1974305588986458172,0,1,1,1,1,4,1
1974301999207506253,0,1,1,1,1,4,1
1974299948452855816,1,1,1,1,1,5,1
1974298622008414579,1,1,1,1,1,5,1
1974298324523233292,1,1,1,1,1,5,1
1975563412290814436,1,1,1,1,1,5,1
1975506319164473672,0,1,1,1,1,4,1
1975486260928999639,1,1,1,1,1,5,1
1975485114420510796,1,1,1,1,1,5,1
1975435932259287526,1,1,1,1,1,5,1
1975435399016436184,1,1,1,1,1,5,1
1975433928220754057,1,1,1,1,1,5,1
1975428145273778664,0,1,1,1,1,4,1
1975414037694537850,1,1,1,1,1,5,1
1975412314599006637,1,1,1,1,1,5,1
1975412189965218281,1,1,1,1,1,5,1
1975382181716631965,1,1,1,1,1,5,1
1975380064696213717,1,1,1,1,1,5,1
1975370315002986645,1,1,1,1,1,5,1
1975126215725097152,1,1,1,1,1,5,1
1975110930443952408,1,1,1,1,1,5,1
1975106528513572920,1,1,1,1,1,5,1
1975075608108703980,1,1,1,1,1,5,1
1975073451598807289,1,1,1,1,1,5,1
1975070955824374096,0,1,1,1,1,4,1
1975019214823149914,0,1,1,1,1,4,1
1975017385242525790,0,1,1,1,1,4,1
1975014370540437908,1,1,1,1,1,5,1
1975689096166318229,1,1,1,1,1,5,1
1979640875644080558,0,1,1,1,1,4,1
1975582563986252188,0,1,1,1,1,4,1
1976844586996973822,0,1,1,1,1,4,1
1978016983175049473,1,1,1,1,1,5,1
1975768541031977254,1,1,1,1,1,5,1
1976741365519466973,0,1,0,1,1,3,1
1977208816480727285,1,1,1,1,1,5,1
1977017492578222325,0,1,0,1,1,3,1
1976621546069438554,1,1,1,1,1,5,1
1976541779341324407,1,1,1,1,1,5,1
1977673743247024545,1,1,1,1,1,5,1
1976413339900313924,1,1,1,1,1,5,1
1976541515959894356,0,1,1,1,1,4,1
1979074806680031323,0,1,1,1,1,4,1
1979082252320485686,1,1,1,1,1,5,1
1979083625673928845,1,1,1,1,1,5,1
1978858840301904319,0,1,1,1,1,4,1
1975677836024238461,1,1,1,1,1,5,1
1975677620877754738,1,1,1,1,1,5,1
1975678342167752720,1,1,1,1,1,5,1
1975313808580354516,1,1,1,1,1,5,1
1975100129087787031,0,1,1,1,1,4,1
1975440057894117645,1,1,1,1,1,5,1
1974999845225333074,1,1,1,1,1,5,1
1975440118669582499,0,1,1,1,1,4,1
1977201823879716933,1,1,1,1,1,5,1
2033523294297796914,0,1,0,1,1,3,1
2009051013337186353,1,1,1,1,1,5,1
2022823019882918376,1,1,1,1,1,5,1
2032233272512823774,1,1,1,1,1,5,1
1975422407587602596,1,0,1,1,1,4,1
2016299894613606402,1,1,1,1,1,5,1
2033533905748599061,0,0,0,1,1,2,0
2033527810359431207,0,1,0,1,1,3,1
1978284558521921568,0,1,1,1,1,4,1
1978070579593789446,1,1,1,1,1,5,1
1978272027883565419,0,1,0,1,1,3,1
1977673986202017949,1,1,1,1,1,5,1
1977916626063540464,1,1,1,1,1,5,1
1976206593168756934,0,1,1,1,1,4,1
1973646392410382824,1,1,1,1,1,5,1
1973647198379536408,1,1,1,1,1,5,1
1973695009598922809,1,1,1,1,1,5,1
1973703719981318413,1,1,1,1,1,5,1
1973718000923750459,1,1,1,1,1,5,1
1973719838272135459,1,1,1,1,1,5,1
1973726253875380600,1,1,1,1,1,5,1
1973813905395982337,0,1,1,1,1,4,1
1973942869410071027,1,1,1,1,1,5,1
1973972262601806094,1,1,1,1,1,5,1
1973976306300727511,1,1,1,1,1,5,1
2033277287098171461,0,1,0,0,0,1,0
2033275829258453304,0,1,1,1,1,4,1
2033275586349814170,0,1,1,1,1,4,1
2033275391142760701,0,1,0,0,0,1,0
2033275389381144769,1,1,1,1,1,5,1
2033275313287999839,0,1,0,0,0,1,0
2033275206203277591,0,1,1,1,0,3,1
2033274615074857103,0,1,0,1,0,2,0
2033274402717200502,1,0,1,1,1,4,1
2033274222035050757,1,1,1,1,1,5,1
2033274188728090801,0,1,0,0,0,1,0
2033273735386395100,0,0,0,0,0,0,0
2033273549746770411,0,0,0,0,0,0,0
2033273430448198133,0,1,0,1,0,2,0
2033272967547998698,0,0,0,0,0,0,0
2033272939748130940,0,0,0,0,0,0,0
2033272868147171796,1,1,1,1,1,5,1
2033271585579401499,0,0,0,0,0,0,0
2033271540868153682,0,0,0,0,0,0,0
2033271432415973792,0,0,0,0,0,0,0
2033270474751541385,0,0,0,0,0,0,0
2033269520211771729,1,1,1,1,1,5,1
2033269463878078788,1,1,1,1,1,5,1
2033269384375095534,0,0,0,0,0,0,0
2033269206599544904,0,0,0,0,0,0,0
2033269073317154981,0,0,0,0,0,0,0
2031701164002283872,1,1,1,1,1,5,1
2033509289927827721,1,1,1,1,1,5,1
2033510127433892019,1,1,1,1,1,5,1
2033511727263023564,1,1,1,1,1,5,1
2033514189298483632,1,1,1,1,1,5,1
2033515941171253440,1,1,1,1,1,5,1
2033516098990362874,1,1,1,1,1,5,1
2033516943282712658,1,1,1,1,1,5,1
2018836895787290883,1,1,1,1,1,5,1
2009414475758358696,1,1,1,1,1,5,1
2009051978773700643,1,1,1,1,1,5,1
2007964639305564464,1,1,1,1,1,5,1
2030816780726514136,1,1,1,1,1,5,1
1975422300297306166,1,1,1,1,1,5,1
1975409400946041324,1,1,1,1,1,5,1
1975440169915547852,1,1,1,1,1,5,1
2007964857707253896,1,1,1,1,1,5,1
2016300015229272286,1,1,1,1,1,5,1
2008327271782732254,1,1,1,1,1,5,1
2030594433574633474,1,1,1,1,1,5,1
2031374717874221532,1,1,1,1,1,5,1
2031994949810655646,1,1,1,1,1,5,1
1975003207941357771,1,1,1,1,1,5,1
1975100975733162473,1,1,1,1,1,5,1
1976302125857775662,1,1,1,1,1,5,1
1977675052524220821,1,1,1,1,1,5,1
1977683736587350118,1,1,1,1,1,5,1
1977712716228841558,1,1,1,1,1,5,1
1977712856364666929,1,1,1,1,1,5,1
1977937399348183170,0,0,1,1,1,3,1
1977940514860347557,1,1,1,1,1,5,1
1977963577341583841,0,1,1,1,1,4,1
1977981708449534011,1,1,1,1,1,5,1
1978143294925238323,1,1,1,1,1,5,1
1978232685228126687,1,1,1,1,1,5,1
1978233947738804276,1,1,1,1,1,5,1
1978297792775766070,1,1,1,1,1,5,1
1978298989750505618,1,1,1,1,1,5,1
1978413897578070050,1,1,1,1,1,5,1
1978419108862402980,1,1,1,1,1,5,1
1978521718642659331,1,1,1,1,1,5,1
1976461849710481913,1,1,1,1,1,5,1
1976463735196881004,1,1,1,1,1,5,1
1976465271826284597,1,1,1,1,1,5,1
1976475806642958444,1,1,1,1,1,5,1
1976515535593730249,1,1,1,1,1,5,1
1976608905963946101,1,1,1,1,1,5,1
1976650478533628360,1,1,1,1,1,5,1
1977162301187805472,1,1,1,1,1,5,1
1977235525041111284,1,1,1,1,1,5,1
1977277039209332985,1,1,1,1,1,5,1
1978855599308677344,1,1,1,1,1,5,1
1978866608467558565,1,1,1,1,1,5,1
1979702606915412413,1,1,1,1,1,5,1
1979712364288286996,1,1,1,1,1,5,1
1979736277655364001,1,1,1,1,1,5,1
1973979530886074612,1,1,1,1,1,5,1
1974061618914078935,1,1,1,1,1,5,1
1974063995431891181,1,1,1,1,1,5,1
1972291943305797844,1,1,1,1,1,5,1
1973313936931033115,1,1,1,1,1,5,1
1973315863802790007,1,1,1,1,1,5,1
1973323900303061418,1,1,1,1,1,5,1
1973431804788088949,1,1,1,1,1,5,1
1973606874437308551,1,1,1,1,1,5,1
1974667886477312238,0,1,1,1,1,4,1
1974804583785587009,1,1,1,1,1,5,1
1977782598295564669,0,1,1,1,1,4,1
1975948493371146389,0,0,0,0,0,0,0
1918971274803462523,0,0,0,0,0,0,0
1918679321180594605,0,0,0,0,0,0,0
1890422946205782315,0,0,0,0,0,0,0
1890418203760767251,0,0,0,0,0,0,0
1890414361375551776,0,0,0,0,0,0,0
1890412763127701807,0,0,0,0,0,0,0
1890412426769641964,0,0,0,0,0,0,0
1890409944488309012,0,0,0,0,0,0,0
1890408065087803437,0,0,0,0,0,0,0
1890404192814043329,0,0,0,0,0,0,0
1890399138178609500,0,0,0,0,0,0,0
1890397777068183980,0,0,0,0,0,0,0
1890397749998158331,0,0,0,0,0,0,0
1890395697456759040,0,0,0,0,0,0,0
1890393783591661841,0,0,0,0,0,0,0
1890391629552386186,0,0,0,0,0,0,0
1890391124994412754,0,0,0,0,0,0,0
1890387381473177762,0,0,0,0,0,0,0
1890386849685709250,0,0,0,0,0,0,0
1890384302573052091,0,0,0,0,0,0,0
1890383490006274186,0,0,0,0,0,0,0
1890381787416744165,0,0,0,0,0,0,0
1890381636157517977,0,0,0,0,0,0,0
1890379333342019998,0,0,0,0,0,0,0
1890377283317256344,0,0,0,0,0,0,0
1890375222949228795,0,0,0,0,0,0,0
1890371159910174967,0,0,0,0,0,0,0
1890367019960168835,0,0,0,0,0,0,0
1890366158496268401,0,0,0,0,0,0,0
1890365287733637477,0,0,0,0,0,0,0
1890364005639684361,0,0,0,0,0,0,0
1890362466476978490,0,0,0,0,0,0,0
1890362063354044718,0,0,0,0,0,0,0
1890357675206078775,0,0,0,0,0,0,0
1890355929050140913,0,0,0,0,0,0,0
1890354709963104526,0,0,0,0,0,0,0
1890349400121094280,0,0,0,0,0,0,0
1890349397168259260,0,0,0,0,0,0,0
1890348610132308096,0,0,0,0,0,0,0
1890347901060083910,0,0,0,0,0,0,0
1890343086221390094,0,0,0,0,0,0,0
1890333980697714774,0,0,0,0,0,0,0
1890333344400900341,0,0,0,0,0,0,0
1890329966107132275,0,0,0,0,0,0,0
1890328727747215723,0,0,0,0,0,0,0
1890328453062205871,0,0,0,0,0,0,0
1890327811132379267,0,0,0,0,0,0,0
1890321929598562815,0,0,0,0,0,0,0
1890312829070188883,0,0,0,0,0,0,0
1890311898807070727,0,0,0,0,0,0,0
1890311497491915113,0,0,0,0,0,0,0
1890297309654909095,0,0,0,0,0,0,0
1890293826545488255,0,0,0,0,0,0,0
1890290874715894004,0,0,0,0,0,0,0
1890280950262820956,0,0,0,0,0,0,0
1890279187761754386,0,0,0,0,0,0,0
1890278395814244676,0,0,0,0,0,0,0
1890272830912446910,0,0,0,0,0,0,0
1890272650678923678,0,0,0,0,0,0,0
1890272327717572616,0,0,0,0,0,0,0
1890271698068599009,0,0,0,0,0,0,0
1890271475799847157,0,0,0,0,0,0,0
1890270605779538403,0,0,0,0,0,0,0
1890268476251742596,0,0,0,0,0,0,0
1890267962604695731,0,0,0,0,0,0,0
1890267079061958795,0,0,0,0,0,0,0
1890265396328165477,0,0,0,0,0,0,0
1890262160447848850,0,0,0,0,0,0,0
1890256998228455633,0,0,0,0,0,0,0
1890256497361490125,0,0,0,0,0,0,0
1890255416099238056,0,0,0,0,0,0,0
1890250843439657021,0,0,0,0,0,0,0
1890250179460362455,0,0,0,0,0,0,0
1890249219220599157,0,0,0,0,0,0,0
1890249190791663874,0,0,0,0,0,0,0
1890248839975825621,0,0,0,0,0,0,0
1890246469296570660,0,0,0,0,0,0,0
1890246169600917966,0,0,0,0,0,0,0
1890245697238438370,0,0,0,0,0,0,0
1890245661473534450,0,0,0,0,0,0,0
1890244392927260871,0,0,0,0,0,0,0
1890242723996938270,0,0,0,0,0,0,0
1890242438822027524,0,0,0,0,0,0,0
1890242309532578270,0,0,0,0,0,0,0
1890241830215954869,0,0,0,0,0,0,0
1890238544708501660,0,0,0,0,0,0,0
1890238134539153781,0,0,0,0,0,0,0
1890237269745045848,0,0,0,0,0,0,0
1890236382532210935,0,0,0,0,0,0,0
1890236364198904184,0,0,0,0,0,0,0
1890235312758223242,0,0,0,0,0,0,0
1890232558530752887,0,0,0,0,0,0,0
1890229897605550480,0,0,0,0,0,0,0
1890228679026045039,0,0,0,0,0,0,0
1890225694862622809,0,0,0,0,0,0,0
1890224992870363421,0,0,0,0,0,0,0
1890224931306410278,0,0,0,0,0,0,0
1890224726993486264,0,0,0,0,0,0,0
1890224473711997329,0,0,0,0,0,0,0
1890218715247177897,0,0,0,0,0,0,0
1890218384249483530,0,0,0,0,0,0,0
1890218050210918579,0,0,0,0,0,0,0
1890216372707402018,0,0,0,0,0,0,0
1890216186312589400,0,0,0,0,0,0,0
1890216042691194964,0,0,0,0,0,0,0
1890212494767190304,0,0,0,0,0,0,0
1890210600644669669,0,0,0,0,0,0,0
1890205288575406581,0,0,0,0,0,0,0
1890202720734441532,0,0,0,0,0,0,0
1890200250058699019,0,0,0,0,0,0,0
1890195864418930775,0,0,0,0,0,0,0
1890195699893256600,0,0,0,0,0,0,0
1890195028636758244,0,0,0,0,0,0,0
1890195024534811003,0,0,0,0,0,0,0
1890194289365508199,0,0,0,0,0,0,0
1890190455746527392,0,0,0,0,0,0,0
1890189975788068972,0,0,0,0,0,0,0
1890187170851500079,0,0,0,0,0,0,0
1890183995176227245,0,0,0,0,0,0,0
1890168329681399859,0,0,0,0,0,0,0
1890167489176482059,0,0,0,0,0,0,0
1890166960400507102,0,0,0,0,0,0,0
1890162037906665515,0,0,0,0,0,0,0
1890160360264724564,0,0,0,0,0,0,0
1890159016875356524,0,0,0,0,0,0,0
1890149612348141995,0,0,0,0,0,0,0
1890133791232184521,0,0,0,0,0,0,0
1890112034387443948,0,0,0,0,0,0,0
1890107313387937871,0,0,0,0,0,0,0
1890093400986382792,0,0,0,0,0,0,0
1890091684475859442,0,0,0,0,0,0,0
1890091651437326445,0,0,0,0,0,0,0
1890091636786622771,0,0,0,0,0,0,0
1890090816129102142,0,0,0,0,0,0,0
1890082788197712372,0,0,0,0,0,0,0
1890079843884388511,0,0,0,0,0,0,0
1890079373233123511,0,0,0,0,0,0,0
1890076819782848938,0,0,0,0,0,0,0
1890075199082758469,0,0,0,0,0,0,0
1890072792475083171,0,0,0,0,0,0,0
1890072296871849993,0,0,0,0,0,0,0
1890072121386393917,0,0,0,0,0,0,0
1890072063316300281,0,0,0,0,0,0,0
1890053361799684476,0,0,0,0,0,0,0
1890053243390300597,0,0,0,0,0,0,0
1890048377620160603,0,0,0,0,0,0,0
1890046893708952005,0,0,0,0,0,0,0
1890046477122285701,0,0,0,0,0,0,0
1890044031633375365,0,0,0,0,0,0,0
1890043997089042631,0,0,0,0,0,0,0
1890043769153831199,0,0,0,0,0,0,0
1890043674828079613,0,0,0,0,0,0,0
1890043612135924132,0,0,0,0,0,0,0
1890043297017831550,0,0,0,0,0,0,0
1890043259566911532,0,0,0,0,0,0,0
1890040971595076011,0,0,0,0,0,0,0
1890040856926892443,0,0,0,0,0,0,0
1890040589275852925,0,0,0,0,0,0,0
1890040504353784086,0,0,0,0,0,0,0
1890040126602150364,0,0,0,0,0,0,0
1890039758975635460,0,0,0,0,0,0,0
1890039730546549142,0,0,0,0,0,0,0
1890039547498807520,0,0,0,0,0,0,0
1890039481341976630,0,0,0,0,0,0,0
1890035347117248567,0,0,0,0,0,0,0
1890034642105053265,0,0,0,0,0,0,0
1890034242471735686,0,0,0,0,0,0,0
1890034219684122683,0,0,0,0,0,0,0
1890033543059021894,0,0,0,0,0,0,0
1890033530954285141,0,0,0,0,0,0,0
1890033390780666266,0,0,0,0,0,0,0
1890032761651781756,0,0,0,0,0,0,0
1890031948304932965,0,0,0,0,0,0,0
1890031650077389169,0,0,0,0,0,0,0
1890031211407642824,0,0,0,0,0,0,0
1890030308302745861,0,0,0,0,0,0,0
1890029931910111327,0,0,0,0,0,0,0
1890029836049264976,0,0,0,0,0,0,0
1890029391943795162,0,0,0,0,0,0,0
1890028965320073679,0,0,0,0,0,0,0
1890028363898913231,0,0,0,0,0,0,0
1890027748984496427,0,0,0,0,0,0,0
1890026886669205818,0,0,0,0,0,0,0
1890026620079276389,0,0,0,0,0,0,0
1890026504631079311,0,0,0,0,0,0,0
1890024973160546613,0,0,0,0,0,0,0
1890024165337694377,0,0,0,0,0,0,0
1890023443221106766,0,0,0,0,0,0,0
1890023043046789322,0,0,0,0,0,0,0
1890022891191972107,0,0,0,0,0,0,0
1890019127756218694,0,0,0,0,0,0,0
1890018855147446397,0,0,0,0,0,0,0
1890018141570515076,0,0,0,0,0,0,0
1890018059819315400,0,0,0,0,0,0,0
1890017649842848095,0,0,0,0,0,0,0
1890017462957261177,0,0,0,0,0,0,0
1890017411186975098,0,0,0,0,0,0,0
1890017186972156057,0,0,0,0,0,0,0
1890016859669561520,0,0,0,0,0,0,0
1890013968779088128,0,0,0,0,0,0,0
1890013281081041379,0,0,0,0,0,0,0
1890004963147108505,0,0,0,0,0,0,0
1890002805475397873,0,0,0,0,0,0,0
1890001531535241236,0,0,0,0,0,0,0
1889997521684140066,0,0,0,0,0,0,0
1889996343625822246,0,0,0,0,0,0,0
1889996139543593129,0,0,0,0,0,0,0
1889995797074510079,0,0,0,0,0,0,0
1889994287146061944,0,0,0,0,0,0,0
1889992309724614750,0,0,0,0,0,0,0
1889992080220725743,0,0,0,0,0,0,0
1889991794554974474,0,0,0,0,0,0,0
1889991564828750275,0,0,0,0,0,0,0
1889990777574654403,0,0,0,0,0,0,0
1889990599492940276,0,0,0,0,0,0,0
1889990034331402669,0,0,0,0,0,0,0
1889989764260237523,0,0,0,0,0,0,0
1889989276353568946,0,0,0,0,0,0,0
1889988828636778880,0,0,0,0,0,0,0
1889986669459525932,0,0,0,0,0,0,0
1889986664849940853,0,0,0,0,0,0,0
1889986269868151247,0,0,0,0,0,0,0
1889985756929912899,0,0,0,0,0,0,0
1889984856635183262,0,0,0,0,0,0,0
1889984820551569592,0,0,0,0,0,0,0
1886085648639221809,0,0,0,0,0,0,0
1886076228345712898,0,0,0,0,0,0,0
1886024361578221672,0,0,0,0,0,0,0
1885997399895925179,0,0,0,0,0,0,0
1892398530653737403,0,0,0,0,0,0,0
1892264130662297814,0,0,0,0,0,0,0
1892176552181563798,0,0,0,0,0,0,0
1892170292920729724,0,0,0,0,0,0,0
1892098027713601720,0,0,0,0,0,0,0
1892056820086341692,0,0,0,0,0,0,0
1892052775967556052,0,0,0,0,0,0,0
1892025798657204275,0,0,0,0,0,0,0
1848149409969930656,0,0,0,0,0,0,0
1848146905664245994,0,0,0,0,0,0,0
1848032746909864049,0,0,0,0,0,0,0
1847996965210259485,0,0,0,0,0,0,0
1854819044308009321,0,0,0,0,0,0,0
1854716210325471723,0,0,0,0,0,0,0
1854378776547000363,0,0,0,0,0,0,0
1854128614553555275,0,0,0,0,0,0,0
1854109884691964011,0,0,0,0,0,0,0
1851185287575322995,0,0,0,0,0,0,0
1850452181612413401,0,0,0,0,0,0,0
1877118594720411998,0,0,0,0,0,0,0
1876960422466613511,0,0,0,0,0,0,0
1876954484057784692,0,0,0,0,0,0,0
1876954237340377462,0,0,0,0,0,0,0
1876946966078173215,0,0,0,0,0,0,0
1909537810664898607,0,0,0,0,0,0,0
1871508895736402146,0,0,0,0,0,0,0
1901932132433596547,0,0,0,0,0,0,0
1899419715803512857,0,0,0,0,0,0,0
1846917595595002243,0,0,0,0,0,0,0
1888150247152726457,0,0,0,0,0,0,0
1888123809594737142,0,0,0,0,0,0,0
1976106788702601314,0,0,0,0,0,0,0
1972300180042260730,0,0,0,0,0,0,0
1978481432512327767,0,0,0,0,0,0,0
1978478698115535291,0,0,0,0,0,0,0
1978146849551679844,0,0,0,0,0,0,0
1972583593303216595,0,0,0,0,0,0,0
1972579669909356809,0,0,0,0,0,0,0
1972552122471440521,0,0,0,0,0,0,0
1971720221594665361,0,0,0,0,0,0,0
1971600255755137177,0,0,0,0,0,0,0
1971597390584193118,0,0,0,0,0,0,0
1971596100462317702,0,0,0,0,0,0,0
1971593214819004565,0,0,0,0,0,0,0
1970473578136285240,0,0,0,0,0,0,0
1970411021186801789,0,0,0,0,0,0,0
1975567948120314188,0,0,0,0,0,0,0
1974837444035088593,0,0,0,0,0,0,0
1959986932378960243,0,0,0,0,0,0,0
1959905867568226705,0,0,0,0,0,0,0
1959814266661613620,0,0,0,0,0,0,0
1959487298174910871,0,0,0,0,0,0,0
1958583685957263594,0,0,0,0,0,0,0
1957278503248015534,0,0,0,0,0,0,0
1957026952789000217,0,0,0,0,0,0,0
1956979527856570607,0,0,0,0,0,0,0
1956968985485832537,0,0,0,0,0,0,0
1956881824241914131,0,0,0,0,0,0,0
1956769091798413395,0,0,0,0,0,0,0
1956746737550606660,0,0,0,0,0,0,0
1956739950684360976,0,0,0,0,0,0,0
1956724821355847792,0,0,0,0,0,0,0
1956719552873791896,0,0,0,0,0,0,0
1956685146289004873,0,0,0,0,0,0,0
1956648147377389734,0,0,0,0,0,0,0
1956641201752543617,0,0,0,0,0,0,0
1956570230005653524,0,0,0,0,0,0,0
1970270336110469211,0,0,0,0,0,0,0
1970266678081835130,0,0,0,0,0,0,0
1970259693630325120,0,0,0,0,0,0,0
1970256147723817361,0,0,0,0,0,0,0
1970249499756093696,0,0,0,0,0,0,0
1970246369110827123,0,0,0,0,0,0,0
1970245745925312857,0,0,0,0,0,0,0
1970241868639412702,0,0,0,0,0,0,0
1970203398130802826,0,0,0,0,0,0,0
1971333073058115835,0,0,0,0,0,0,0
1971315432574550321,0,0,0,0,0,0,0
1971293645035929873,0,0,0,0,0,0,0
1971286584705368162,0,0,0,0,0,0,0
1971280875963941282,0,0,0,0,0,0,0
1971227462127518172,0,0,0,0,0,0,0
1971226292537393569,0,0,0,0,0,0,0
1971225898008596647,0,0,0,0,0,0,0
1971220004436910138,0,0,0,0,0,0,0
1971209075649282221,0,0,0,0,0,0,0
1971207038102544722,0,0,0,0,0,0,0
1971206956254925145,0,0,0,0,0,0,0
1971204291655561604,0,0,0,0,0,0,0
1971203677076717880,0,0,0,0,0,0,0
1971202664571842710,0,0,0,0,0,0,0
1971197267790176359,0,0,0,0,0,0,0
1971196578351415772,0,0,0,0,0,0,0
1971193650504982996,0,0,0,0,0,0,0
1971190696280457501,0,0,0,0,0,0,0
1961125659784483148,0,0,0,0,0,0,0
1961112416089247993,0,0,0,0,0,0,0
1961108287136625129,0,0,0,0,0,0,0
1960951445748113903,0,0,0,0,0,0,0
1960866181319156108,0,0,0,0,0,0,0
1968825431143927856,0,0,0,0,0,0,0
1968821929676050612,0,0,0,0,0,0,0
1968819232440803499,0,0,0,0,0,0,0
1968817034621304850,0,0,0,0,0,0,0
1968816828412580051,0,0,0,0,0,0,0
1968814778014408953,0,0,0,0,0,0,0
1968811249329721524,0,0,0,0,0,0,0
1968809513785389480,0,0,0,0,0,0,0
1968678260432155126,0,0,0,0,0,0,0
1968676541849587865,0,0,0,0,0,0,0
1968676351486890448,0,0,0,0,0,0,0
1968644589721375005,0,0,0,0,0,0,0
1968644476647141411,0,0,0,0,0,0,0
1968637184887455827,0,0,0,0,0,0,0
1965320972770443345,0,0,0,0,0,0,0
1965301104197206400,0,0,0,0,0,0,0
1965298923620499466,0,0,0,0,0,0,0
1965289455117603106,0,0,0,0,0,0,0
1965283662309851420,0,0,0,0,0,0,0
1965283526263423385,0,0,0,0,0,0,0
1965242659137819021,0,0,0,0,0,0,0
1965181047697801454,0,0,0,0,0,0,0
1965049828263739676,0,0,0,0,0,0,0
1969233687888777646,0,0,0,0,0,0,0
1969233559048147121,0,0,0,0,0,0,0
1969203820686086226,0,0,0,0,0,0,0
1969202822554980524,0,0,0,0,0,0,0
1969202183020130481,0,0,0,0,0,0,0
1969201106820505946,0,0,0,0,0,0,0
1969201043046105485,0,0,0,0,0,0,0
1969199745655595363,0,0,0,0,0,0,0
1969195417159045310,0,0,0,0,0,0,0
1969123523709825087,0,0,0,0,0,0,0
1969102878317871174,0,0,0,0,0,0,0
1969096697981661626,0,0,0,0,0,0,0
1969072028855452034,0,0,0,0,0,0,0
1969064264015962250,0,0,0,0,0,0,0
1969054513370636605,0,0,0,0,0,0,0
1978091967872397448,0,0,0,0,0,0,0
1978084489717809358,0,0,0,0,0,0,0
1978067183159701921,0,0,0,0,0,0,0
1978063961242173464,0,0,0,0,0,0,0
1978030406097146306,0,0,0,0,0,0,0
1978029683959550056,0,0,0,0,0,0,0
1972792281171398918,0,0,0,0,0,0,0
1972645580385165344,0,0,0,0,0,0,0
1972645486998999539,0,0,0,0,0,0,0
1971708851843223784,0,0,0,0,0,0,0
1971659900121149585,0,0,0,0,0,0,0
1971644145430417769,0,0,0,0,0,0,0
1971604700266131684,0,0,0,0,0,0,0
2031971890433306849,0,0,0,0,0,0,0
2031759887462797516,0,0,0,0,0,0,0
2031672765061955740,0,0,0,0,0,0,0
2031618590642942380,0,0,0,0,0,0,0
2031535011535720531,0,0,0,0,0,0,0
2031518372333306287,0,0,0,0,0,0,0
2031412756755395012,0,0,0,0,0,0,0
2031393928583553363,0,0,0,0,0,0,0
2031366675900280914,0,0,0,0,0,0,0
2031290802211790874,0,0,0,0,0,0,0
2031275305059631417,0,0,0,0,0,0,0
2030945673370333318,0,0,0,0,0,0,0
2030794401958764608,0,0,0,0,0,0,0
2030791618245415247,0,0,0,0,0,0,0
1971935916970389849,0,0,0,0,0,0,0
1971879596321833169,0,0,0,0,0,0,0
1976413185222770886,0,0,0,0,0,0,0
1976412730069495952,0,0,0,0,0,0,0
1976407429471776790,0,0,0,0,0,0,0
1976324271439028609,0,0,0,0,0,0,0
1976293726319513663,0,0,0,0,0,0,0
1975856657545699370,0,0,0,0,0,0,0
1975855384704532873,0,0,0,0,0,0,0
1975838628137046433,0,0,0,0,0,0,0
1975837719302672462,0,0,0,0,0,0,0
1975831328810790945,0,0,0,0,0,0,0
1975822241758904749,0,0,0,0,0,0,0
1975808073609670735,0,0,0,0,0,0,0
1975804033903538214,0,0,0,0,0,0,0
1975795432526856628,0,0,0,0,0,0,0
1975791090214343020,0,0,0,0,0,0,0
1975787457439465524,0,0,0,0,0,0,0
1975785748348739980,0,0,0,0,0,0,0
1974758458735116562,0,0,0,0,0,0,0
1974755504800051227,0,0,0,0,0,0,0
1974733467511554431,0,0,0,0,0,0,0
1974731900767047979,0,0,0,0,0,0,0
1974717083440275646,0,0,0,0,0,0,0
1974716731697627235,0,0,0,0,0,0,0
1974702647346393399,0,0,0,0,0,0,0
1974691198590972405,0,0,0,0,0,0,0
1974675239729799565,0,0,0,0,0,0,0
1974656270239219752,0,0,0,0,0,0,0
1974652784072114607,0,0,0,0,0,0,0
1974651706479976937,0,0,0,0,0,0,0
1974641163706794052,0,0,0,0,0,0,0
1974413548123283534,0,0,0,0,0,0,0
1974322700119388573,0,0,0,0,0,0,0
1974319846130381293,0,0,0,0,0,0,0
1974305193035780389,0,0,0,0,0,0,0
1968451096076054620,0,0,0,0,0,0,0
1968450359061528681,0,0,0,0,0,0,0
1968448080199475418,0,0,0,0,0,0,0
1968375821149859851,0,0,0,0,0,0,0
1968270427123568707,0,0,0,0,0,0,0
1968204850027696493,0,0,0,0,0,0,0
1968190000765526266,0,0,0,0,0,0,0
1968145347999567895,0,0,0,0,0,0,0
1967957010835783885,0,0,0,0,0,0,0
1967955707321520363,0,0,0,0,0,0,0
1967951821668008355,0,0,0,0,0,0,0
1967889366665380197,0,0,0,0,0,0,0
1967818081444696269,0,0,0,0,0,0,0
1967815192571768906,0,0,0,0,0,0,0
1967446011812692412,0,0,0,0,0,0,0
1967408645672706325,0,0,0,0,0,0,0
1967396742116315299,0,0,0,0,0,0,0
1966962259881791667,0,0,0,0,0,0,0
1966734336700674065,0,0,0,0,0,0,0
1966401832919654497,0,0,0,0,0,0,0
1970633583216992447,0,0,0,0,0,0,0
1970614136850743414,0,0,0,0,0,0,0
1970611208320622884,0,0,0,0,0,0,0
1970542682155163835,0,0,0,0,0,0,0
1970374438383427742,0,0,0,0,0,0,0
1975359781763490111,0,0,0,0,0,0,0
1975213434506776839,0,0,0,0,0,0,0
1975208241174040849,0,0,0,0,0,0,0
1975197942681354280,0,0,0,0,0,0,0
1975185040515772495,0,0,0,0,0,0,0
1975182162883473751,0,0,0,0,0,0,0
1975170796881396123,0,0,0,0,0,0,0
1975163153492193485,0,0,0,0,0,0,0
1975160485894046033,0,0,0,0,0,0,0
1975152376769323179,0,0,0,0,0,0,0
1975136453035487273,0,0,0,0,0,0,0
1975074181642666470,0,0,0,0,0,0,0
1975061534067028148,0,0,0,0,0,0,0
1975057407811428778,0,0,0,0,0,0,0
1975052580658327565,0,0,0,0,0,0,0
1975049323747704891,0,0,0,0,0,0,0
1975039251860623866,0,0,0,0,0,0,0
1970060538832208207,0,0,0,0,0,0,0
1970031668108087492,0,0,0,0,0,0,0
1970009588142690677,0,0,0,0,0,0,0
1969965070752113138,0,0,0,0,0,0,0
1971270058728181993,0,0,0,0,0,0,0
1971233955333701769,0,0,0,0,0,0,0
1971230269673009488,0,0,0,0,0,0,0
1971223837204463702,0,0,0,0,0,0,0
1971222411698897149,0,0,0,0,0,0,0
1971221536817475752,0,0,0,0,0,0,0
1971211638830399823,0,0,0,0,0,0,0
1971207295553126590,0,0,0,0,0,0,0
1971202057551118355,0,0,0,0,0,0,0
1971191601797136524,0,0,0,0,0,0,0
1971188820042449375,0,0,0,0,0,0,0
1971180798956143010,0,0,0,0,0,0,0
1961616048245133711,0,0,0,0,0,0,0
1961611732960645609,0,0,0,0,0,0,0
1961475770834092297,0,0,0,0,0,0,0
1961338254357123163,0,0,0,0,0,0,0
1961266403857842384,0,0,0,0,0,0,0
1961221915713876472,0,0,0,0,0,0,0
